poll_id,question_id,response,xtab_var1,xtab_val1,xtab_var2,xtab_val2,percentage,notes
1,12,Support,-,-,-,-,11.0,
1,12,Oppose,-,-,-,-,82.0,
2,11,Would vote for,-,-,-,-,68.0,
2,11,Would vote against,-,-,-,-,24.0,
2,11,Would not vote,-,-,-,-,9.0,
3,16,No,-,-,-,-,76.9,
3,16,Yes,-,-,-,-,23.1,
4,15,Strongly against,Country,UK,-,-,11.3,
4,15,Against,Country,UK,-,-,36.7,
4,15,In favour,Country,UK,-,-,46.1,
4,15,Strongly in favour,Country,UK,-,-,6.0,
5,13,Strongly support,-,,,,23.0,
5,13,Moderately support,-,,,,33.0,
5,13,Moderately oppose,-,,,,12.0,
5,13,Strong oppose,-,,,,16.0,
5,13,Don't know /Can't say,-,,,,15.0,
5,13,Strongly support,Age,18-34,,,26.0,
5,13,Moderately support,Age,18-34,,,34.0,
5,13,Moderately oppose,Age,18-34,,,13.0,
5,13,Strong oppose,Age,18-34,,,12.0,
5,13,Don't know /Can't say,Age,18-34,,,14.0,
5,13,Strongly support,Age,35-54,,,18.0,
5,13,Moderately support,Age,35-54,,,35.0,
5,13,Moderately oppose,Age,35-54,,,10.0,
5,13,Strong oppose,Age,35-54,,,20.0,
5,13,Don't know /Can't say,Age,35-54,,,17.0,
5,13,Strongly support,Age,55+,,,27.0,
5,13,Moderately support,Age,55+,,,31.0,
5,13,Moderately oppose,Age,55+,,,13.0,
5,13,Strong oppose,Age,55+,,,14.0,
5,13,Don't know /Can't say,Age,55+,,,15.0,
5,13,Strongly support,Gender,Male,,,24.0,
5,13,Moderately support,Gender,Male,,,34.0,
5,13,Moderately oppose,Gender,Male,,,13.0,
5,13,Strong oppose,Gender,Male,,,17.0,
5,13,Don't know /Can't say,Gender,Male,,,12.0,
5,13,Strongly support,Gender,Female,,,23.0,
5,13,Moderately support,Gender,Female,,,33.0,
5,13,Moderately oppose,Gender,Female,,,11.0,
5,13,Strong oppose,Gender,Female,,,14.0,
5,13,Don't know /Can't say,Gender,Female,,,19.0,
5,13,Strongly support,Gender,Male,Age,18-34,27.0,
5,13,Moderately support,Gender,Male,Age,18-34,36.0,
5,13,Moderately oppose,Gender,Male,Age,18-34,13.0,
5,13,Strong oppose,Gender,Male,Age,18-34,24.0,
5,13,Don't know /Can't say,Gender,Male,Age,18-34,12.0,
5,13,Strongly support,Gender,Male,Age,35-54,19.0,
5,13,Moderately support,Gender,Male,Age,35-54,33.0,
5,13,Moderately oppose,Gender,Male,Age,35-54,13.0,
5,13,Strong oppose,Gender,Male,Age,35-54,24.0,
5,13,Don't know /Can't say,Gender,Male,Age,35-54,12.0,
5,13,Strongly support,Gender,Male,Age,55+,26.0,
5,13,Moderately support,Gender,Male,Age,55+,34.0,
5,13,Moderately oppose,Gender,Male,Age,55+,13.0,
5,13,Strong oppose,Gender,Male,Age,55+,16.0,
5,13,Don't know /Can't say,Gender,Male,Age,55+,11.0,
5,13,Strongly support,Gender,Female,Age,18-34,25.0,
5,13,Moderately support,Gender,Female,Age,18-34,32.0,
5,13,Moderately oppose,Gender,Female,Age,18-34,12.0,
5,13,Strong oppose,Gender,Female,Age,18-34,14.0,
5,13,Don't know /Can't say,Gender,Female,Age,18-34,17.0,
5,13,Strongly support,Gender,Female,Age,35-54,17.0,
5,13,Moderately support,Gender,Female,Age,35-54,37.0,
5,13,Moderately oppose,Gender,Female,Age,35-54,7.0,
5,13,Strong oppose,Gender,Female,Age,35-54,16.0,
5,13,Don't know /Can't say,Gender,Female,Age,35-54,23.0,
5,13,Strongly support,Gender,Female,Age,55+,27.0,
5,13,Moderately support,Gender,Female,Age,55+,30.0,
5,13,Moderately oppose,Gender,Female,Age,55+,13.0,
5,13,Strong oppose,Gender,Female,Age,55+,13.0,
5,13,Don't know /Can't say,Gender,Female,Age,55+,17.0,
5,13,Strongly support,Education,HS or less,,,23.0,
5,13,Moderately support,Education,HS or less,,,32.0,
5,13,Moderately oppose,Education,HS or less,,,11.0,
5,13,Strong oppose,Education,HS or less,,,15.0,
5,13,Don't know /Can't say,Education,HS or less,,,20.0,
5,13,Strongly support,Education,College / Tech school,,,27.0,
5,13,Moderately support,Education,College / Tech school,,,35.0,
5,13,Moderately oppose,Education,College / Tech school,,,14.0,
5,13,Strong oppose,Education,College / Tech school,,,12.0,
5,13,Don't know /Can't say,Education,College / Tech school,,,12.0,
5,13,Strongly support,Education,Univ+,,,20.0,
5,13,Moderately support,Education,Univ+,,,34.0,
5,13,Moderately oppose,Education,Univ+,,,12.0,
5,13,Strong oppose,Education,Univ+,,,21.0,
5,13,Don't know /Can't say,Education,Univ+,,,12.0,
5,13,Strongly support,Household Income,<$50K,,,30.0,
5,13,Moderately support,Household Income,<$50K,,,35.0,
5,13,Moderately oppose,Household Income,<$50K,,,7.0,
5,13,Strong oppose,Household Income,<$50K,,,10.0,
5,13,Don't know /Can't say,Household Income,<$50K,,,17.0,
5,13,Strongly support,Household Income,$50-99K,,,23.0,
5,13,Moderately support,Household Income,$50-99K,,,35.0,
5,13,Moderately oppose,Household Income,$50-99K,,,13.0,
5,13,Strong oppose,Household Income,$50-99K,,,17.0,
5,13,Don't know /Can't say,Household Income,$50-99K,,,12.0,
5,13,Strongly support,Household Income,$100K+,,,18.0,
5,13,Moderately support,Household Income,$100K+,,,35.0,
5,13,Moderately oppose,Household Income,$100K+,,,13.0,
5,13,Strong oppose,Household Income,$100K+,,,22.0,
5,13,Don't know /Can't say,Household Income,$100K+,,,12.0,
5,24,Strongly support,-,,,,30.0,
5,24,Moderately support,-,,,,35.0,
5,24,Moderately oppose,-,,,,10.0,
5,24,Strong oppose,-,,,,13.0,
5,24,Don't know /Can't say,-,,,,12.0,
5,24,Strongly support,Age,18-34,,,36.0,
5,24,Moderately support,Age,18-34,,,27.0,
5,24,Moderately oppose,Age,18-34,,,11.0,
5,24,Strong oppose,Age,18-34,,,12.0,
5,24,Don't know /Can't say,Age,18-34,,,14.0,
5,24,Strongly support,Age,35-54,,,27.0,
5,24,Moderately support,Age,35-54,,,40.0,
5,24,Moderately oppose,Age,35-54,,,10.0,
5,24,Strong oppose,Age,35-54,,,12.0,
5,24,Don't know /Can't say,Age,35-54,,,12.0,
5,24,Strongly support,Age,55+,,,28.0,
5,24,Moderately support,Age,55+,,,38.0,
5,24,Moderately oppose,Age,55+,,,10.0,
5,24,Strong oppose,Age,55+,,,15.0,
5,24,Don't know /Can't say,Age,55+,,,9.0,
5,24,Strongly support,Gender,Male,,,33.0,
5,24,Moderately support,Gender,Male,,,36.0,
5,24,Moderately oppose,Gender,Male,,,11.0,
5,24,Strong oppose,Gender,Male,,,13.0,
5,24,Don't know /Can't say,Gender,Male,,,7.0,
5,24,Strongly support,Gender,Female,,,27.0,
5,24,Moderately support,Gender,Female,,,35.0,
5,24,Moderately oppose,Gender,Female,,,10.0,
5,24,Strong oppose,Gender,Female,,,14.0,
5,24,Don't know /Can't say,Gender,Female,,,15.0,
5,24,Strongly support,Gender,Male,Age,18-34,49.0,
5,24,Moderately support,Gender,Male,Age,18-34,32.0,
5,24,Moderately oppose,Gender,Male,Age,18-34,7.0,
5,24,Strong oppose,Gender,Male,Age,18-34,10.0,
5,24,Don't know /Can't say,Gender,Male,Age,18-34,2.0,
5,24,Strongly support,Gender,Male,Age,35-54,22.0,
5,24,Moderately support,Gender,Male,Age,35-54,42.0,
5,24,Moderately oppose,Gender,Male,Age,35-54,12.0,
5,24,Strong oppose,Gender,Male,Age,35-54,12.0,
5,24,Don't know /Can't say,Gender,Male,Age,35-54,11.0,
5,24,Strongly support,Gender,Male,Age,55+,29.0,
5,24,Moderately support,Gender,Male,Age,55+,35.0,
5,24,Moderately oppose,Gender,Male,Age,55+,14.0,
5,24,Strong oppose,Gender,Male,Age,55+,15.0,
5,24,Don't know /Can't say,Gender,Male,Age,55+,8.0,
5,24,Strongly support,Gender,Female,Age,18-34,22.0,
5,24,Moderately support,Gender,Female,Age,18-34,21.0,
5,24,Moderately oppose,Gender,Female,Age,18-34,15.0,
5,24,Strong oppose,Gender,Female,Age,18-34,15.0,
5,24,Don't know /Can't say,Gender,Female,Age,18-34,27.0,
5,24,Strongly support,Gender,Female,Age,35-54,30.0,
5,24,Moderately support,Gender,Female,Age,35-54,38.0,
5,24,Moderately oppose,Gender,Female,Age,35-54,8.0,
5,24,Strong oppose,Gender,Female,Age,35-54,12.0,
5,24,Don't know /Can't say,Gender,Female,Age,35-54,12.0,
5,24,Strongly support,Gender,Female,Age,55+,27.0,
5,24,Moderately support,Gender,Female,Age,55+,40.0,
5,24,Moderately oppose,Gender,Female,Age,55+,7.0,
5,24,Strong oppose,Gender,Female,Age,55+,15.0,
5,24,Don't know /Can't say,Gender,Female,Age,55+,11.0,
5,24,Strongly support,Education,HS or less,,,34.0,
5,24,Moderately support,Education,HS or less,,,33.0,
5,24,Moderately oppose,Education,HS or less,,,8.0,
5,24,Strong oppose,Education,HS or less,,,9.0,
5,24,Don't know /Can't say,Education,HS or less,,,16.0,
5,24,Strongly support,Education,College / Tech school,,,22.0,
5,24,Moderately support,Education,College / Tech school,,,47.0,
5,24,Moderately oppose,Education,College / Tech school,,,13.0,
5,24,Strong oppose,Education,College / Tech school,,,12.0,
5,24,Don't know /Can't say,Education,College / Tech school,,,7.0,
5,24,Strongly support,Education,Univ+,,,33.0,
5,24,Moderately support,Education,Univ+,,,25.0,
5,24,Moderately oppose,Education,Univ+,,,10.0,
5,24,Strong oppose,Education,Univ+,,,23.0,
5,24,Don't know /Can't say,Education,Univ+,,,9.0,
5,24,Strongly support,Household Income,<$50K,,,40.0,
5,24,Moderately support,Household Income,<$50K,,,37.0,
5,24,Moderately oppose,Household Income,<$50K,,,8.0,
5,24,Strong oppose,Household Income,<$50K,,,6.0,
5,24,Don't know /Can't say,Household Income,<$50K,,,9.0,
5,24,Strongly support,Household Income,$50-99K,,,30.0,
5,24,Moderately support,Household Income,$50-99K,,,37.0,
5,24,Moderately oppose,Household Income,$50-99K,,,10.0,
5,24,Strong oppose,Household Income,$50-99K,,,14.0,
5,24,Don't know /Can't say,Household Income,$50-99K,,,8.0,
5,24,Strongly support,Household Income,$100K+,,,14.0,
5,24,Moderately support,Household Income,$100K+,,,35.0,
5,24,Moderately oppose,Household Income,$100K+,,,14.0,
5,24,Strong oppose,Household Income,$100K+,,,24.0,
5,24,Don't know /Can't say,Household Income,$100K+,,,12.0,
5,25,Strongly support,-,,,,34.0,
5,25,Moderately support,-,,,,33.0,
5,25,Moderately oppose,-,,,,12.0,
5,25,Strong oppose,-,,,,12.0,
5,25,Don't know /Can't say,-,,,,10.0,
5,25,Strongly support,Age,18-34,,,35.0,
5,25,Moderately support,Age,18-34,,,29.0,
5,25,Moderately oppose,Age,18-34,,,13.0,
5,25,Strong oppose,Age,18-34,,,9.0,
5,25,Don't know /Can't say,Age,18-34,,,14.0,
5,25,Strongly support,Age,35-54,,,28.0,
5,25,Moderately support,Age,35-54,,,32.0,
5,25,Moderately oppose,Age,35-54,,,12.0,
5,25,Strong oppose,Age,35-54,,,15.0,
5,25,Don't know /Can't say,Age,35-54,,,13.0,
5,25,Strongly support,Age,55+,,,38.0,
5,25,Moderately support,Age,55+,,,38.0,
5,25,Moderately oppose,Age,55+,,,10.0,
5,25,Strong oppose,Age,55+,,,10.0,
5,25,Don't know /Can't say,Age,55+,,,4.0,
5,25,Strongly support,Gender,Male,,,33.0,
5,25,Moderately support,Gender,Male,,,30.0,
5,25,Moderately oppose,Gender,Male,,,13.0,
5,25,Strong oppose,Gender,Male,,,16.0,
5,25,Don't know /Can't say,Gender,Male,,,8.0,
5,25,Strongly support,Gender,Female,,,35.0,
5,25,Moderately support,Gender,Female,,,36.0,
5,25,Moderately oppose,Gender,Female,,,10.0,
5,25,Strong oppose,Gender,Female,,,8.0,
5,25,Don't know /Can't say,Gender,Female,,,12.0,
5,25,Strongly support,Gender,Male,Age,18-34,40.0,
5,25,Moderately support,Gender,Male,Age,18-34,25.0,
5,25,Moderately oppose,Gender,Male,Age,18-34,12.0,
5,25,Strong oppose,Gender,Male,Age,18-34,10.0,
5,25,Don't know /Can't say,Gender,Male,Age,18-34,13.0,
5,25,Strongly support,Gender,Male,Age,35-54,28.0,
5,25,Moderately support,Gender,Male,Age,35-54,28.0,
5,25,Moderately oppose,Gender,Male,Age,35-54,15.0,
5,25,Strong oppose,Gender,Male,Age,35-54,18.0,
5,25,Don't know /Can't say,Gender,Male,Age,35-54,12.0,
5,25,Strongly support,Gender,Male,Age,55+,33.0,
5,25,Moderately support,Gender,Male,Age,55+,36.0,
5,25,Moderately oppose,Gender,Male,Age,55+,13.0,
5,25,Strong oppose,Gender,Male,Age,55+,18.0,
5,25,Don't know /Can't say,Gender,Male,Age,55+,1.0,
5,25,Strongly support,Gender,Female,Age,18-34,30.0,
5,25,Moderately support,Gender,Female,Age,18-34,32.0,
5,25,Moderately oppose,Gender,Female,Age,18-34,13.0,
5,25,Strong oppose,Gender,Female,Age,18-34,8.0,
5,25,Don't know /Can't say,Gender,Female,Age,18-34,16.0,
5,25,Strongly support,Gender,Female,Age,35-54,28.0,
5,25,Moderately support,Gender,Female,Age,35-54,36.0,
5,25,Moderately oppose,Gender,Female,Age,35-54,10.0,
5,25,Strong oppose,Gender,Female,Age,35-54,12.0,
5,25,Don't know /Can't say,Gender,Female,Age,35-54,14.0,
5,25,Strongly support,Gender,Female,Age,55+,42.0,
5,25,Moderately support,Gender,Female,Age,55+,39.0,
5,25,Moderately oppose,Gender,Female,Age,55+,8.0,
5,25,Strong oppose,Gender,Female,Age,55+,3.0,
5,25,Don't know /Can't say,Gender,Female,Age,55+,7.0,
5,25,Strongly support,Education,HS or less,,,34.0,
5,25,Moderately support,Education,HS or less,,,33.0,
5,25,Moderately oppose,Education,HS or less,,,10.0,
5,25,Strong oppose,Education,HS or less,,,10.0,
5,25,Don't know /Can't say,Education,HS or less,,,13.0,
5,25,Strongly support,Education,College / Tech school,,,32.0,
5,25,Moderately support,Education,College / Tech school,,,29.0,
5,25,Moderately oppose,Education,College / Tech school,,,17.0,
5,25,Strong oppose,Education,College / Tech school,,,12.0,
5,25,Don't know /Can't say,Education,College / Tech school,,,9.0,
5,25,Strongly support,Education,Univ+,,,35.0,
5,25,Moderately support,Education,Univ+,,,37.0,
5,25,Moderately oppose,Education,Univ+,,,8.0,
5,25,Strong oppose,Education,Univ+,,,13.0,
5,25,Don't know /Can't say,Education,Univ+,,,7.0,
5,25,Strongly support,Household Income,<$50K,,,44.0,
5,25,Moderately support,Household Income,<$50K,,,27.0,
5,25,Moderately oppose,Household Income,<$50K,,,11.0,
5,25,Strong oppose,Household Income,<$50K,,,8.0,
5,25,Don't know /Can't say,Household Income,<$50K,,,10.0,
5,25,Strongly support,Household Income,$50-99K,,,33.0,
5,25,Moderately support,Household Income,$50-99K,,,35.0,
5,25,Moderately oppose,Household Income,$50-99K,,,11.0,
5,25,Strong oppose,Household Income,$50-99K,,,13.0,
5,25,Don't know /Can't say,Household Income,$50-99K,,,8.0,
5,25,Strongly support,Household Income,$100K+,,,19.0,
5,25,Moderately support,Household Income,$100K+,,,41.0,
5,25,Moderately oppose,Household Income,$100K+,,,16.0,
5,25,Strong oppose,Household Income,$100K+,,,28.0,
5,25,Don't know /Can't say,Household Income,$100K+,,,5.0,
6,11,Would vote for,-,-,-,-,68.0,
6,11,Would vote against,-,-,-,-,24.0,
6,11,Would not vote,-,-,-,-,9.0,
7,10,Strongly support,-,-,-,-,15.0,
7,10,Tend to support,-,-,-,-,33.0,
7,10,Neither support nor oppose,-,-,-,-,19.0,
7,10,Tend to oppose,-,-,-,-,16.0,
7,10,Strongly oppose,-,-,-,-,9.0,
7,10,Don't Know,-,-,-,-,6.0,
7,10,Strongly support,Gender,Male,-,-,17.0,
7,10,Tend to support,Gender,Male,-,-,33.0,
7,10,Neither support nor oppose,Gender,Male,-,-,20.0,
7,10,Tend to oppose,Gender,Male,-,-,13.0,
7,10,Strongly oppose,Gender,Male,-,-,11.0,
7,10,Don't Know,Gender,Male,-,-,5.0,
7,10,Strongly support,Gender,Female,-,-,13.0,
7,10,Tend to support,Gender,Female,-,-,34.0,
7,10,Neither support nor oppose,Gender,Female,-,-,18.0,
7,10,Tend to oppose,Gender,Female,-,-,20.0,
7,10,Strongly oppose,Gender,Female,-,-,8.0,
7,10,Don't Know,Gender,Female,-,-,7.0,
7,10,Strongly support,Age,18-24,-,-,24.0,
7,10,Tend to support,Age,18-24,-,-,28.0,
7,10,Neither support nor oppose,Age,18-24,-,-,19.0,
7,10,Tend to oppose,Age,18-24,-,-,16.0,
7,10,Strongly oppose,Age,18-24,-,-,10.0,
7,10,Don't Know,Age,18-24,-,-,3.0,
7,10,Strongly support,Age,25-34,-,-,21.0,
7,10,Tend to support,Age,25-34,-,-,30.0,
7,10,Neither support nor oppose,Age,25-34,-,-,17.0,
7,10,Tend to oppose,Age,25-34,-,-,14.0,
7,10,Strongly oppose,Age,25-34,-,-,8.0,
7,10,Don't Know,Age,25-34,-,-,9.0,
7,10,Strongly support,Age,35-44,-,-,15.0,
7,10,Tend to support,Age,35-44,-,-,36.0,
7,10,Neither support nor oppose,Age,35-44,-,-,19.0,
7,10,Tend to oppose,Age,35-44,-,-,18.0,
7,10,Strongly oppose,Age,35-44,-,-,6.0,
7,10,Don't Know,Age,35-44,-,-,6.0,
7,10,Strongly support,Age,45-54,-,-,16.0,
7,10,Tend to support,Age,45-54,-,-,31.0,
7,10,Neither support nor oppose,Age,45-54,-,-,24.0,
7,10,Tend to oppose,Age,45-54,-,-,12.0,
7,10,Strongly oppose,Age,45-54,-,-,10.0,
7,10,Don't Know,Age,45-54,-,-,7.0,
7,10,Strongly support,Age,55-75,-,-,8.0,
7,10,Tend to support,Age,55-75,-,-,38.0,
7,10,Neither support nor oppose,Age,55-75,-,-,18.0,
7,10,Tend to oppose,Age,55-75,-,-,19.0,
7,10,Strongly oppose,Age,55-75,-,-,12.0,
7,10,Don't Know,Age,55-75,-,-,5.0,
7,10,Strongly support,Region,North,-,-,14.0,
7,10,Tend to support,Region,North,-,-,35.0,
7,10,Neither support nor oppose,Region,North,-,-,19.0,
7,10,Tend to oppose,Region,North,-,-,16.0,
7,10,Strongly oppose,Region,North,-,-,9.0,
7,10,Don't Know,Region,North,-,-,7.0,
7,10,Strongly support,Region,Midlands,-,-,15.0,
7,10,Tend to support,Region,Midlands,-,-,33.0,
7,10,Neither support nor oppose,Region,Midlands,-,-,18.0,
7,10,Tend to oppose,Region,Midlands,-,-,18.0,
7,10,Strongly oppose,Region,Midlands,-,-,11.0,
7,10,Don't Know,Region,Midlands,-,-,7.0,
7,10,Strongly support,Region,South,-,-,12.0,
7,10,Tend to support,Region,South,-,-,37.0,
7,10,Neither support nor oppose,Region,South,-,-,20.0,
7,10,Tend to oppose,Region,South,-,-,16.0,
7,10,Strongly oppose,Region,South,-,-,9.0,
7,10,Don't Know,Region,South,-,-,5.0,
7,10,Strongly support,Region,London,-,-,16.0,
7,10,Tend to support,Region,London,-,-,31.0,
7,10,Neither support nor oppose,Region,London,-,-,20.0,
7,10,Tend to oppose,Region,London,-,-,16.0,
7,10,Strongly oppose,Region,London,-,-,7.0,
7,10,Don't Know,Region,London,-,-,10.0,
7,10,Strongly support,Region,England,-,-,14.0,
7,10,Tend to support,Region,England,-,-,34.0,
7,10,Neither support nor oppose,Region,England,-,-,19.0,
7,10,Tend to oppose,Region,England,-,-,17.0,
7,10,Strongly oppose,Region,England,-,-,9.0,
7,10,Don't Know,Region,England,-,-,7.0,
7,10,Strongly support,Region,Wales,-,-,16.0,
7,10,Tend to support,Region,Wales,-,-,31.0,
7,10,Neither support nor oppose,Region,Wales,-,-,29.0,
7,10,Tend to oppose,Region,Wales,-,-,12.0,
7,10,Strongly oppose,Region,Wales,-,-,8.0,
7,10,Don't Know,Region,Wales,-,-,4.0,
7,10,Strongly support,Region,Scotland,-,-,23.0,
7,10,Tend to support,Region,Scotland,-,-,24.0,
7,10,Neither support nor oppose,Region,Scotland,-,-,17.0,
7,10,Tend to oppose,Region,Scotland,-,-,20.0,
7,10,Strongly oppose,Region,Scotland,-,-,12.0,
7,10,Don't Know,Region,Scotland,-,-,5.0,
7,10,Strongly support,Region,Northern Ireland,-,-,25.0,
7,10,Tend to support,Region,Northern Ireland,-,-,41.0,
7,10,Neither support nor oppose,Region,Northern Ireland,-,-,17.0,
7,10,Tend to oppose,Region,Northern Ireland,-,-,8.0,
7,10,Strongly oppose,Region,Northern Ireland,-,-,3.0,
7,10,Don't Know,Region,Northern Ireland,-,-,5.0,
7,10,Strongly support,Voting Intention,Conservative,-,-,6.0,
7,10,Tend to support,Voting Intention,Conservative,-,-,34.0,
7,10,Neither support nor oppose,Voting Intention,Conservative,-,-,18.0,
7,10,Tend to oppose,Voting Intention,Conservative,-,-,25.0,
7,10,Strongly oppose,Voting Intention,Conservative,-,-,16.0,
7,10,Don't Know,Voting Intention,Conservative,-,-,2.0,
7,10,Strongly support,Voting Intention,Labour,-,-,25.0,
7,10,Tend to support,Voting Intention,Labour,-,-,38.0,
7,10,Neither support nor oppose,Voting Intention,Labour,-,-,15.0,
7,10,Tend to oppose,Voting Intention,Labour,-,-,12.0,
7,10,Strongly oppose,Voting Intention,Labour,-,-,5.0,
7,10,Don't Know,Voting Intention,Labour,-,-,4.0,
7,10,Strongly support,Voting Intention,Liberal Democrat,-,-,20.0,
7,10,Tend to support,Voting Intention,Liberal Democrat,-,-,32.0,
7,10,Neither support nor oppose,Voting Intention,Liberal Democrat,-,-,13.0,
7,10,Tend to oppose,Voting Intention,Liberal Democrat,-,-,18.0,
7,10,Strongly oppose,Voting Intention,Liberal Democrat,-,-,14.0,
7,10,Don't Know,Voting Intention,Liberal Democrat,-,-,3.0,
7,10,Strongly support,Voting Intention,Other,-,-,18.0,
7,10,Tend to support,Voting Intention,Other,-,-,32.0,
7,10,Neither support nor oppose,Voting Intention,Other,-,-,22.0,
7,10,Tend to oppose,Voting Intention,Other,-,-,15.0,
7,10,Strongly oppose,Voting Intention,Other,-,-,6.0,
7,10,Don't Know,Voting Intention,Other,-,-,7.0,
7,10,Strongly support,2017 Election Vote,Conservative,-,-,6.0,
7,10,Tend to support,2017 Election Vote,Conservative,-,-,33.0,
7,10,Neither support nor oppose,2017 Election Vote,Conservative,-,-,18.0,
7,10,Tend to oppose,2017 Election Vote,Conservative,-,-,23.0,
7,10,Strongly oppose,2017 Election Vote,Conservative,-,-,15.0,
7,10,Don't Know,2017 Election Vote,Conservative,-,-,4.0,
7,10,Strongly support,2017 Election Vote,Labour,-,-,24.0,
7,10,Tend to support,2017 Election Vote,Labour,-,-,37.0,
7,10,Neither support nor oppose,2017 Election Vote,Labour,-,-,14.0,
7,10,Tend to oppose,2017 Election Vote,Labour,-,-,13.0,
7,10,Strongly oppose,2017 Election Vote,Labour,-,-,6.0,
7,10,Don't Know,2017 Election Vote,Labour,-,-,6.0,
7,10,Strongly support,2017 Election Vote,Liberal Democrat,-,-,29.0,
7,10,Tend to support,2017 Election Vote,Liberal Democrat,-,-,19.0,
7,10,Neither support nor oppose,2017 Election Vote,Liberal Democrat,-,-,15.0,
7,10,Tend to oppose,2017 Election Vote,Liberal Democrat,-,-,23.0,
7,10,Strongly oppose,2017 Election Vote,Liberal Democrat,-,-,10.0,
7,10,Don't Know,2017 Election Vote,Liberal Democrat,-,-,4.0,
7,10,Strongly support,2017 Election Vote,Other,-,-,18.0,
7,10,Tend to support,2017 Election Vote,Other,-,-,30.0,
7,10,Neither support nor oppose,2017 Election Vote,Other,-,-,27.0,
7,10,Tend to oppose,2017 Election Vote,Other,-,-,15.0,
7,10,Strongly oppose,2017 Election Vote,Other,-,-,6.0,
7,10,Don't Know,2017 Election Vote,Other,-,-,5.0,
8,9,I support this idea in principle,-,-,-,-,41.0,
8,9,I neither support nor oppose this idea in principle,-,-,-,-,25.0,
8,9,I oppose this idea in principle,-,-,-,-,17.0,
8,9,Don't know,-,-,-,-,16.0,
9,5,The government should have a universal basic income program,-,-,-,-,43.0,
9,5,The government should not offer universal income programs,-,-,-,-,57.0,
9,5,The government should have a universal basic income program,Age,18-34,-,-,55.0,
9,5,The government should not offer universal income programs,Age,18-34,-,-,45.0,
9,5,The government should have a universal basic income program,Age,35-49,-,-,53.0,
9,5,The government should not offer universal income programs,Age,35-49,-,-,47.0,
9,5,The government should have a universal basic income program,Age,50-64,-,-,38.0,
9,5,The government should not offer universal income programs,Age,50-64,-,-,62.0,
9,5,The government should have a universal basic income program,Age,65+,-,-,21.0,
9,5,The government should not offer universal income programs,Age,65+,-,-,79.0,
10,8,Yes,-,-,-,-,77.0,
10,8,No,-,-,-,-,23.0,
10,8,Yes,Gender,Female,-,-,81.0,
10,8,No,Gender,Female,-,-,19.0,
10,8,Yes,Gender,Male,-,-,72.0,
10,8,No,Gender,Male,-,-,28.0,
10,8,Yes,Age,18-29,-,-,84.0,
10,8,No,Age,18-29,-,-,16.0,
10,8,Yes,Age,30-49,-,-,81.0,
10,8,No,Age,30-49,-,-,19.0,
10,8,Yes,Age,50-64,-,-,72.0,
10,8,No,Age,50-64,-,-,28.0,
10,8,Yes,Age,65+,-,-,66.0,
10,8,No,Age,65+,-,-,34.0,
10,8,Yes,Education,Upper secondary education or less,-,-,80.0,
10,8,No,Education,Upper secondary education or less,-,-,20.0,
10,8,Yes,Education,"Higher technical education, vocational training, community college education or associate degree",-,-,71.0,
10,8,No,Education,"Higher technical education, vocational training, community college education or associate degree",-,-,29.0,
10,8,Yes,Education,Bachelor's degree,-,-,74.0,
10,8,No,Education,Bachelor's degree,-,-,26.0,
10,8,Yes,Education,Master's or doctoral degree,-,-,72.0,
10,8,No,Education,Master's or doctoral degree,-,-,28.0,
10,21,Yes,-,-,-,-,53.0,
10,21,No,-,-,-,-,47.0,
10,21,Yes,Gender,Female,-,-,50.0,
10,21,No,Gender,Female,-,-,50.0,
10,21,Yes,Gender,Male,-,-,57.0,
10,21,No,Gender,Male,-,-,43.0,
10,21,Yes,Age,18-29,-,-,54.0,
10,21,No,Age,18-29,-,-,46.0,
10,21,Yes,Age,30-49,-,-,49.0,
10,21,No,Age,30-49,-,-,51.0,
10,21,Yes,Age,50-64,-,-,54.0,
10,21,No,Age,50-64,-,-,46.0,
10,21,Yes,Age,65+,-,-,54.0,
10,21,No,Age,65+,-,-,46.0,
10,21,Yes,Education,Upper secondary education or less,-,-,48.0,
10,21,No,Education,Upper secondary education or less,-,-,52.0,
10,21,Yes,Education,"Higher technical education, vocational training, community college education or associate degree",-,-,55.0,
10,21,No,Education,"Higher technical education, vocational training, community college education or associate degree",-,-,45.0,
10,21,Yes,Education,Bachelor's degree,-,-,60.0,
10,21,No,Education,Bachelor's degree,-,-,40.0,
10,21,Yes,Education,Master's or doctoral degree,-,-,63.0,
10,21,No,Education,Master's or doctoral degree,-,-,37.0,
11,7,Strongly favor,-,-,-,-,23.0,
11,7,Somewhat favor,-,-,-,-,17.0,
11,7,Unsure,-,-,-,-,18.0,
11,7,Somewhat oppose,-,-,-,-,13.0,
11,7,Strongly oppose,-,-,-,-,30.0,
11,7,Strongly favor,Political Affiliation,GOP,-,-,12.0,
11,7,Somewhat favor,Political Affiliation,GOP,-,-,10.0,
11,7,Unsure,Political Affiliation,GOP,-,-,10.0,
11,7,Somewhat oppose,Political Affiliation,GOP,-,-,12.0,
11,7,Strongly oppose,Political Affiliation,GOP,-,-,55.0,
11,7,Strongly favor,Political Affiliation,Independent,-,-,22.0,
11,7,Somewhat favor,Political Affiliation,Independent,-,-,18.0,
11,7,Unsure,Political Affiliation,Independent,-,-,16.0,
11,7,Somewhat oppose,Political Affiliation,Independent,-,-,12.0,
11,7,Strongly oppose,Political Affiliation,Independent,-,-,32.0,
11,7,Strongly favor,Political Affiliation,Democrat,-,-,32.0,
11,7,Somewhat favor,Political Affiliation,Democrat,-,-,21.0,
11,7,Unsure,Political Affiliation,Democrat,-,-,21.0,
11,7,Somewhat oppose,Political Affiliation,Democrat,-,-,15.0,
11,7,Strongly oppose,Political Affiliation,Democrat,-,-,11.0,
12,6,Good idea,-,-,-,-,26.0,
12,6,Bad idea,-,-,-,-,66.0,
12,6,Unsure,-,-,-,-,8.0,
13,5,The government should have a universal basic income program,-,-,-,-,49.0,
13,5,The government should not offer universal income programs,-,-,-,-,51.0,
15,4,Support ,-,-,-,-,40.0,
15,4,Oppose,-,-,-,-,43.0,
15,4,Undecided,-,-,-,-,17.0,
16,3,Very supportive,-,-,-,-,25.0,
16,3,Supportive,-,-,-,-,26.0,
16,3,Neither supportive or unsupportive,-,-,-,-,15.0,
16,3,Unsupportive,-,-,-,-,14.0,
16,3,Very unsupportive,-,-,-,-,10.0,
16,3,Very supportive,Vote in most recent GE,Conservative,-,-,16.0,
16,3,Supportive,Vote in most recent GE,Conservative,-,-,23.0,
16,3,Neither supportive or unsupportive,Vote in most recent GE,Conservative,-,-,18.0,
16,3,Unsupportive,Vote in most recent GE,Conservative,-,-,20.0,
16,3,Very unsupportive,Vote in most recent GE,Conservative,-,-,17.0,
16,3,Very supportive,Vote in most recent GE,Labour,-,-,37.0,
16,3,Supportive,Vote in most recent GE,Labour,-,-,28.0,
16,3,Neither supportive or unsupportive,Vote in most recent GE,Labour,-,-,14.0,
16,3,Unsupportive,Vote in most recent GE,Labour,-,-,20.0,
16,3,Very unsupportive,Vote in most recent GE,Labour,-,-,4.0,
16,3,Very supportive,Vote in most recent GE,Liberal Democrat,-,-,26.0,
16,3,Supportive,Vote in most recent GE,Liberal Democrat,-,-,30.0,
16,3,Neither supportive or unsupportive,Vote in 2019 GE,Liberal Democrat,-,-,12.0,
16,3,Unsupportive,Vote in 2019 GE,Liberal Democrat,-,-,12.0,
16,3,Very unsupportive,Vote in most recent GE,Liberal Democrat,-,-,10.0,
16,3,Very supportive,Gender,Female,-,-,24.0,
16,3,Supportive,Gender,Female,-,-,25.0,
16,3,Neither supportive or unsupportive,Gender,Female,-,-,16.0,
16,3,Unsupportive,Gender,Female,-,-,15.0,
16,3,Very unsupportive,Gender,Female,-,-,10.0,
16,3,Very supportive,Gender,Male,-,-,27.0,
16,3,Supportive,Gender,Male,-,-,28.0,
16,3,Neither supportive or unsupportive,Gender,Male,-,-,14.0,
16,3,Unsupportive,Gender,Male,-,-,13.0,
16,3,Very unsupportive,Gender,Male,-,-,10.0,
16,3,Very supportive,Age,18-24,-,-,22.0,
16,3,Supportive,Age,18-24,-,-,24.0,
16,3,Neither supportive or unsupportive,Age,18-24,-,-,10.0,
16,3,Unsupportive,Age,18-24,-,-,16.0,
16,3,Very unsupportive,Age,18-24,-,-,8.0,
16,3,Very supportive,Age,25-49,-,-,29.0,
16,3,Supportive,Age,25-49,-,-,25.0,
16,3,Neither supportive or unsupportive,Age,25-49,-,-,15.0,
16,3,Unsupportive,Age,25-49,-,-,12.0,
16,3,Very unsupportive,Age,25-49,-,-,9.0,
16,3,Very supportive,Age,50-64,-,-,26.0,
16,3,Supportive,Age,50-64,-,-,27.0,
16,3,Neither supportive or unsupportive,Age,50-64,-,-,15.0,
16,3,Unsupportive,Age,50-64,-,-,16.0,
16,3,Very unsupportive,Age,50-64,-,-,11.0,
16,3,Very supportive,Age,65+,-,-,20.0,
16,3,Supportive,Age,65+,-,-,29.0,
16,3,Neither supportive or unsupportive,Age,65+,-,-,18.0,
16,3,Unsupportive,Age,65+,-,-,17.0,
16,3,Very unsupportive,Age,65+,-,-,11.0,
17,2,Strongly favor,-,-,-,-,23.0,
17,2,Somewhat favor,-,-,-,-,22.0,
17,2,Somewhat oppose,-,-,-,-,36.0,
17,2,Strongly oppose,-,-,-,-,18.0,
17,2,Strongly favor,Race,White,-,-,16.0,
17,2,Somewhat favor,Race,White,-,-,17.0,
17,2,Somewhat oppose,Race,White,-,-,46.0,
17,2,Strongly oppose,Race,White,-,-,18.0,
17,2,Strongly favor,Race,Black,-,-,45.0,
17,2,Somewhat favor,Race,Black,-,-,28.0,
17,2,Somewhat oppose,Race,Black,-,-,13.0,
17,2,Strongly oppose,Race,Black,-,-,11.0,
17,2,Strongly favor,Race,Hispanic,-,-,36.0,
17,2,Somewhat favor,Race,Hispanic,-,-,27.0,
17,2,Somewhat oppose,Race,Hispanic,-,-,20.0,
17,2,Strongly oppose,Race,Hispanic,-,-,16.0,
17,2,Strongly favor,Age,18-29,-,-,38.0,
17,2,Somewhat favor,Age,18-29,-,-,29.0,
17,2,Somewhat oppose,Age,18-29,-,-,17.0,
17,2,Strongly oppose,Age,18-29,-,-,16.0,
17,2,Strongly favor,Age,30-49,-,-,25.0,
17,2,Somewhat favor,Age,30-49,-,-,14.0,
17,2,Somewhat oppose,Age,30-49,-,-,19.0,
17,2,Strongly oppose,Age,30-49,-,-,31.0,
17,2,Strongly favor,Age,50-64,-,-,21.0,
17,2,Somewhat favor,Age,50-64,-,-,19.0,
17,2,Somewhat oppose,Age,50-64,-,-,17.0,
17,2,Strongly oppose,Age,50-64,-,-,42.0,
17,2,Strongly favor,Age,65+,-,-,9.0,
17,2,Somewhat favor,Age,65+,-,-,17.0,
17,2,Somewhat oppose,Age,65+,-,-,20.0,
17,2,Strongly oppose,Age,65+,-,-,52.0,
17,2,Strongly favor,Political Affiliation,Republican / Lean Republican ,-,-,10.0,
17,2,Somewhat favor,Political Affiliation,Republican / Lean Republican ,-,-,12.0,
17,2,Somewhat oppose,Political Affiliation,Republican / Lean Republican ,-,-,16.0,
17,2,Strongly oppose,Political Affiliation,Republican / Lean Republican ,-,-,62.0,
17,2,Strongly favor,Political Affiliation,Republican / Lean Republican,Political Ideology,Conservative,5.0,
17,2,Somewhat favor,Political Affiliation,Republican / Lean Republican,Political Ideology,Conservative,6.0,
17,2,Somewhat oppose,Political Affiliation,Republican / Lean Republican,Political Ideology,Conservative,13.0,
17,2,Strongly oppose,Political Affiliation,Republican / Lean Republican,Political Ideology,Conservative,74.0,
17,2,Strongly favor,Political Affiliation,Republican / Lean Republican,Political Ideology,Moderate / Liberal ,19.0,
17,2,Somewhat favor,Political Affiliation,Republican / Lean Republican,Political Ideology,Moderate / Liberal ,16.0,
17,2,Somewhat oppose,Political Affiliation,Republican / Lean Republican,Political Ideology,Moderate / Liberal ,22.0,
17,2,Strongly oppose,Political Affiliation,Republican / Lean Republican,Political Ideology,Moderate / Liberal ,43.0,
17,2,Strongly favor,Political Affiliation,Democrat / Lean Democrat,-,-,33.0,
17,2,Somewhat favor,Political Affiliation,Democrat / Lean Democrat,-,-,33.0,
17,2,Somewhat oppose,Political Affiliation,Democrat / Lean Democrat,-,-,20.0,
17,2,Strongly oppose,Political Affiliation,Democrat / Lean Democrat,-,-,13.0,
17,2,Strongly favor,Political Affiliation,Democrat / Lean Democrat,Political Ideology,Conservative / Moderate,30.0,
17,2,Somewhat favor,Political Affiliation,Democrat / Lean Democrat,Political Ideology,Conservative / Moderate,29.0,
17,2,Somewhat oppose,Political Affiliation,Democrat / Lean Democrat,Political Ideology,Conservative / Moderate,23.0,
17,2,Strongly oppose,Political Affiliation,Democrat / Lean Democrat,Political Ideology,Conservative / Moderate,16.0,
17,2,Strongly favor,Political Affiliation,Democrat / Lean Democrat,Political Ideology,Liberal,38.0,
17,2,Somewhat favor,Political Affiliation,Democrat / Lean Democrat,Political Ideology,Liberal,37.0,
17,2,Somewhat oppose,Political Affiliation,Democrat / Lean Democrat,Political Ideology,Liberal,17.0,
17,2,Strongly oppose,Political Affiliation,Democrat / Lean Democrat,Political Ideology,Liberal,8.0,
17,2,Strongly favor,Income,Upper income,-,-,11.0,
17,2,Somewhat favor,Income,Upper income,-,-,20.0,
17,2,Somewhat oppose,Income,Upper income,-,-,20.0,
17,2,Strongly oppose,Income,Upper income,-,-,48.0,
17,2,Strongly favor,Income,Middle income,-,-,17.0,
17,2,Somewhat favor,Income,Middle income,-,-,23.0,
17,2,Somewhat oppose,Income,Middle income,-,-,19.0,
17,2,Strongly oppose,Income,Middle income,-,-,40.0,
17,2,Strongly favor,Income,Lower income,-,-,40.0,
17,2,Somewhat favor,Income,Lower income,-,-,13.0,
17,2,Somewhat oppose,Income,Lower income,-,-,15.0,
17,2,Strongly oppose,Income,Lower income,-,-,20.0,
18,13,Strongly support,-,-,-,-,34.0,
18,13,Moderately support,-,-,-,-,26.0,
18,13,Moderately oppose,-,-,-,-,9.0,
18,13,Strongly oppose,-,-,-,-,21.0,
18,13,Don't know/can't say,-,-,-,-,11.0,
19,14,Fully agree,-,-,-,-,24.0,
19,14,Somewhat supportive,-,-,-,-,22.0,
19,14,Fully opposed,-,-,-,-,15.0,
19,14,Somewhat opposed,-,-,-,-,14.0,
19,14,Don't know or neither agree or disagree,-,-,-,-,25.0,
19,14,Strongly agree or rather agree,Country,Germany,-,-,62.0,
19,14,Strong disagree or rather disagree,Country,Germany,-,-,17.0,
19,14,Don't know or neither agree or disagree,Country,Germany,-,-,21.0,
19,14,Strongly agree or rather agree,Country,Sweden,-,-,53.0,
19,14,Strong disagree or rather disagree,Country,Sweden,-,-,27.0,
19,14,Don't know or neither agree or disagree,Country,Sweden,-,-,20.0,
19,14,Strongly agree or rather agree,Country,Belgium,-,-,52.0,
19,14,Strong disagree or rather disagree,Country,Belgium,-,-,22.0,
19,14,Don't know or neither agree or disagree,Country,Belgium,-,-,27.0,
19,14,Strongly agree or rather agree,Country,Hungary,-,-,51.0,
19,14,Strong disagree or rather disagree,Country,Hungary,-,-,29.0,
19,14,Don't know or neither agree or disagree,Country,Hungary,-,-,20.0,
19,14,Strongly agree or rather agree,Country,UK,-,-,50.0,
19,14,Strong disagree or rather disagree,Country,UK,-,-,27.0,
19,14,Don't know or neither agree or disagree,Country,UK,-,-,24.0,
19,14,Strongly agree or rather agree,Country,Greece,-,-,50.0,
19,14,Strong disagree or rather disagree,Country,Greece,-,-,23.0,
19,14,Don't know or neither agree or disagree,Country,Greece,-,-,26.0,
19,14,Strongly agree or rather agree,Country,Spain,-,-,48.0,
19,14,Strong disagree or rather disagree,Country,Spain,-,-,28.0,
19,14,Don't know or neither agree or disagree,Country,Spain,-,-,25.0,
19,14,Strongly agree or rather agree,Country,France,-,-,45.0,
19,14,Strong disagree or rather disagree,Country,France,-,-,32.0,
19,14,Don't know or neither agree or disagree,Country,France,-,-,23.0,
19,14,Strongly agree or rather agree,Country,The Netherlands,-,-,44.0,
19,14,Strong disagree or rather disagree,Country,The Netherlands,-,-,28.0,
19,14,Don't know or neither agree or disagree,Country,The Netherlands,-,-,28.0,
19,14,Strongly agree or rather agree,Country,Italy,-,-,44.0,
19,14,Strong disagree or rather disagree,Country,Italy,-,-,29.0,
19,14,Don't know or neither agree or disagree,Country,Italy,-,-,28.0,
19,14,Strongly agree or rather agree,Country,Poland,-,-,39.0,
19,14,Strong disagree or rather disagree,Country,Poland,-,-,43.0,
19,14,Don't know or neither agree or disagree,Country,Poland,-,-,19.0,
19,14,Strongly agree or rather agree,Country,Czechia,-,-,37.0,
19,14,Strong disagree or rather disagree,Country,Czechia,-,-,38.0,
19,14,Don't know or neither agree or disagree,Country,Czechia,-,-,26.0,
19,14,Strongly agree or rather agree,Country,Romania,-,-,36.0,
19,14,Strong disagree or rather disagree,Country,Romania,-,-,41.0,
19,14,Don't know or neither agree or disagree,Country,Romania,-,-,23.0,
19,14,Strongly agree or rather agree,Country,Portugal,-,-,35.0,
19,14,Strong disagree or rather disagree,Country,Portugal,-,-,44.0,
19,14,Don't know or neither agree or disagree,Country,Portugal,-,-,20.0,
20,1,Strong support,-,-,-,-,42.0,
20,1,Somewhat support,-,-,-,-,30.0,
20,1,Somewhat oppose,-,-,-,-,10.0,
20,1,Oppose,-,-,-,-,6.0,
20,1,Not sure,-,-,-,-,12.0,
20,1,Strong support,Age,18-24,-,-,34.0,
20,1,Somewhat support,Age,18-24,-,-,33.0,
20,1,Somewhat oppose,Age,18-24,-,-,13.0,
20,1,Oppose,Age,18-24,-,-,4.0,
20,1,Not sure,Age,18-24,-,-,16.0,
20,1,Strong support,Age,25-34,-,-,48.0,
20,1,Somewhat support,Age,25-34,-,-,38.0,
20,1,Somewhat oppose,Age,25-34,-,-,7.0,
20,1,Oppose,Age,25-34,-,-,4.0,
20,1,Not sure,Age,25-34,-,-,4.0,
20,1,Strong support,Age,35-44,-,-,68.0,
20,1,Somewhat support,Age,35-44,-,-,26.0,
20,1,Somewhat oppose,Age,35-44,-,-,2.0,
20,1,Oppose,Age,35-44,-,-,2.0,
20,1,Not sure,Age,35-44,-,-,2.0,
20,1,Strong support,Age,45-54,-,-,48.0,
20,1,Somewhat support,Age,45-54,-,-,21.0,
20,1,Somewhat oppose,Age,45-54,-,-,13.0,
20,1,Oppose,Age,45-54,-,-,5.0,
20,1,Not sure,Age,45-54,-,-,13.0,
20,1,Strong support,Age,55-64,-,-,35.0,
20,1,Somewhat support,Age,55-64,-,-,29.0,
20,1,Somewhat oppose,Age,55-64,-,-,13.0,
20,1,Oppose,Age,55-64,-,-,7.0,
20,1,Not sure,Age,55-64,-,-,15.0,
20,1,Strong support,Age,65+,-,-,28.0,
20,1,Somewhat support,Age,65+,-,-,33.0,
20,1,Somewhat oppose,Age,65+,-,-,13.0,
20,1,Oppose,Age,65+,-,-,11.0,
20,1,Not sure,Age,65+,-,-,15.0,
20,1,Strong support,Gender,Female,-,-,42.0,
20,1,Somewhat support,Gender,Female,-,-,27.0,
20,1,Somewhat oppose,Gender,Female,-,-,11.0,
20,1,Oppose,Gender,Female,-,-,5.0,
20,1,Not sure,Gender,Female,-,-,14.0,
20,1,Strong support,Gender,Male,-,-,42.0,
20,1,Somewhat support,Gender,Male,-,-,33.0,
20,1,Somewhat oppose,Gender,Male,-,-,9.0,
20,1,Oppose,Gender,Male,-,-,8.0,
20,1,Not sure,Gender,Male,-,-,7.0,
20,1,Strong support,Race,White,-,-,39.0,
20,1,Somewhat support,Race,White,-,-,31.0,
20,1,Somewhat oppose,Race,White,-,-,10.0,
20,1,Oppose,Race,White,-,-,10.0,
20,1,Not sure,Race,White,-,-,10.0,
20,1,Strong support,Race,Black,-,-,49.0,
20,1,Somewhat support,Race,Black,-,-,29.0,
20,1,Somewhat oppose,Race,Black,-,-,11.0,
20,1,Oppose,Race,Black,-,-,1.0,
20,1,Not sure,Race,Black,-,-,10.0,
20,1,Strong support,Race,Hispanic,-,-,52.0,
20,1,Somewhat support,Race,Hispanic,-,-,26.0,
20,1,Somewhat oppose,Race,Hispanic,-,-,4.0,
20,1,Oppose,Race,Hispanic,-,-,3.0,
20,1,Not sure,Race,Hispanic,-,-,15.0,
20,1,Strong support,Race,Asian,-,-,28.0,
20,1,Somewhat support,Race,Asian,-,-,39.0,
20,1,Somewhat oppose,Race,Asian,-,-,10.0,
20,1,Oppose,Race,Asian,-,-,8.0,
20,1,Not sure,Race,Asian,-,-,15.0,
20,1,Strong support,Race,Other,-,-,57.0,
20,1,Somewhat support,Race,Other,-,-,15.0,
20,1,Somewhat oppose,Race,Other,-,-,21.0,
20,1,Oppose,Race,Other,-,-,0.0,
20,1,Not sure,Race,Other,-,-,8.0,
20,1,Strong support,Political ideology,Conservative Democrat,-,-,59.0,
20,1,Somewhat support,Political ideology,Conservative Democrat,-,-,17.0,
20,1,Somewhat oppose,Political ideology,Conservative Democrat,-,-,10.0,
20,1,Oppose,Political ideology,Conservative Democrat,-,-,7.0,
20,1,Not sure,Political ideology,Conservative Democrat,-,-,7.0,
20,1,Strong support,Political ideology,Moderate Democrat,-,-,34.0,
20,1,Somewhat support,Political ideology,Moderate Democrat,-,-,30.0,
20,1,Somewhat oppose,Political ideology,Moderate Democrat,-,-,13.0,
20,1,Oppose,Political ideology,Moderate Democrat,-,-,11.0,
20,1,Not sure,Political ideology,Moderate Democrat,-,-,13.0,
20,1,Strong support,Political ideology,Liberal Democrat,-,-,44.0,
20,1,Somewhat support,Political ideology,Liberal Democrat,-,-,35.0,
20,1,Somewhat oppose,Political ideology,Liberal Democrat,-,-,9.0,
20,1,Oppose,Political ideology,Liberal Democrat,-,-,3.0,
20,1,Not sure,Political ideology,Liberal Democrat,-,-,10.0,
21,17,Strongly support,-,-,-,-,28.0,
21,17,Support,-,-,-,-,28.0,
21,17,Neither support nor oppose,-,-,-,-,19.0,
21,17,Oppose,-,-,-,-,12.0,
21,17,Strongly oppose,-,-,-,-,8.0,
21,17,Don't know,-,-,-,-,6.0,
21,17,Strongly support,Gender,Male,-,-,29.0,
21,17,Support,Gender,Male,-,-,29.0,
21,17,Neither support nor oppose,Gender,Male,-,-,19.0,
21,17,Oppose,Gender,Male,-,-,10.0,
21,17,Strongly oppose,Gender,Male,-,-,8.0,
21,17,Don't know,Gender,Male,-,-,5.0,
21,17,Strongly support,Gender,Female,-,-,27.0,
21,17,Support,Gender,Female,-,-,27.0,
21,17,Neither support nor oppose,Gender,Female,-,-,18.0,
21,17,Oppose,Gender,Female,-,-,13.0,
21,17,Strongly oppose,Gender,Female,-,-,8.0,
21,17,Don't know,Gender,Female,-,-,7.0,
21,17,Strongly support,Age,18-24,-,-,33.0,
21,17,Support,Age,18-24,-,-,37.0,
21,17,Neither support nor oppose,Age,18-24,-,-,16.0,
21,17,Oppose,Age,18-24,-,-,8.0,
21,17,Strongly oppose,Age,18-24,-,-,1.0,
21,17,Don't know,Age,18-24,-,-,5.0,
21,17,Strongly support,Age,25-34,-,-,35.0,
21,17,Support,Age,25-34,-,-,31.0,
21,17,Neither support nor oppose,Age,25-34,-,-,20.0,
21,17,Oppose,Age,25-34,-,-,8.0,
21,17,Strongly oppose,Age,25-34,-,-,3.0,
21,17,Don't know,Age,25-34,-,-,3.0,
21,17,Strongly support,Age,35-44,-,-,32.0,
21,17,Support,Age,35-44,-,-,29.0,
21,17,Neither support nor oppose,Age,35-44,-,-,17.0,
21,17,Oppose,Age,35-44,-,-,12.0,
21,17,Strongly oppose,Age,35-44,-,-,6.0,
21,17,Don't know,Age,35-44,-,-,4.0,
21,17,Strongly support,Age,45-54,-,-,33.0,
21,17,Support,Age,45-54,-,-,27.0,
21,17,Neither support nor oppose,Age,45-54,-,-,22.0,
21,17,Oppose,Age,45-54,-,-,9.0,
21,17,Strongly oppose,Age,45-54,-,-,5.0,
21,17,Don't know,Age,45-54,-,-,4.0,
21,17,Strongly support,Age,55-64,-,-,23.0,
21,17,Support,Age,55-64,-,-,26.0,
21,17,Neither support nor oppose,Age,55-64,-,-,18.0,
21,17,Oppose,Age,55-64,-,-,15.0,
21,17,Strongly oppose,Age,55-64,-,-,12.0,
21,17,Don't know,Age,55-64,-,-,6.0,
21,17,Strongly support,Age,65+,-,-,19.0,
21,17,Support,Age,65+,-,-,24.0,
21,17,Neither support nor oppose,Age,65+,-,-,18.0,
21,17,Oppose,Age,65+,-,-,15.0,
21,17,Strongly oppose,Age,65+,-,-,13.0,
21,17,Don't know,Age,65+,-,-,11.0,
21,17,Strongly support,Vote in most recent GE,Conservative,-,-,21.0,
21,17,Support,Vote in most recent GE,Conservative,-,-,26.0,
21,17,Neither support nor oppose,Vote in most recent GE,Conservative,-,-,17.0,
21,17,Oppose,Vote in most recent GE,Conservative,-,-,17.0,
21,17,Strongly oppose,Vote in most recent GE,Conservative,-,-,13.0,
21,17,Don't know,Vote in most recent GE,Conservative,-,-,6.0,
21,17,Strongly support,Vote in most recent GE,Labour,-,-,36.0,
21,17,Support,Vote in most recent GE,Labour,-,-,31.0,
21,17,Neither support nor oppose,Vote in most recent GE,Labour,-,-,18.0,
21,17,Oppose,Vote in most recent GE,Labour,-,-,6.0,
21,17,Strongly oppose,Vote in most recent GE,Labour,-,-,4.0,
21,17,Don't know,Vote in most recent GE,Labour,-,-,5.0,
21,17,Strongly support,Vote in most recent GE,Scottish National Party,-,-,44.0,
21,17,Support,Vote in most recent GE,Scottish National Party,-,-,24.0,
21,17,Neither support nor oppose,Vote in most recent GE,Scottish National Party,-,-,25.0,
21,17,Oppose,Vote in most recent GE,Scottish National Party,-,-,3.0,
21,17,Strongly oppose,Vote in most recent GE,Scottish National Party,-,-,4.0,
21,17,Don't know,Vote in most recent GE,Scottish National Party,-,-,0.0,
21,17,Strongly support,Vote in most recent GE,Liberal Democrat,-,-,27.0,
21,17,Support,Vote in most recent GE,liberal Democrat,-,-,33.0,
21,17,Neither support nor oppose,Vote in most recent GE,liberal Democrat,-,-,21.0,
21,17,Oppose,Vote in most recent GE,liberal Democrat,-,-,12.0,
21,17,Strongly oppose,Vote in most recent GE,liberal Democrat,-,-,2.0,
21,17,Don't know,Vote in most recent GE,liberal Democrat,-,-,5.0,
21,17,Strongly support,Vote in most recent GE,Did not Vote,-,-,27.0,
21,17,Support,Vote in most recent GE,Did not Vote,-,-,25.0,
21,17,Neither support nor oppose,Vote in most recent GE,Did not Vote,-,-,19.0,
21,17,Oppose,Vote in most recent GE,Did not Vote,-,-,14.0,
21,17,Strongly oppose,Vote in most recent GE,Did not Vote,-,-,5.0,
21,17,Don't know,Vote in most recent GE,Did not Vote,-,-,10.0,
21,17,Strongly support,Region,South East,-,-,28.0,
21,17,Support,Region,South East,-,-,20.0,
21,17,Neither support nor oppose,Region,South East,-,-,24.0,
21,17,Oppose,Region,South East,-,-,14.0,
21,17,Strongly oppose,Region,South East,-,-,10.0,
21,17,Don't know,Region,South East,-,-,4.0,
21,17,Strongly support,Region,London,-,-,25.0,
21,17,Support,Region,London,-,-,31.0,
21,17,Neither support nor oppose,Region,London,-,-,17.0,
21,17,Oppose,Region,London,-,-,11.0,
21,17,Strongly oppose,Region,London,-,-,9.0,
21,17,Don't know,Region,London,-,-,7.0,
21,17,Strongly support,Region,South West,-,-,26.0,
21,17,Support,Region,South West,-,-,27.0,
21,17,Neither support nor oppose,Region,South West,-,-,14.0,
21,17,Oppose,Region,South West,-,-,10.0,
21,17,Strongly oppose,Region,South West,-,-,12.0,
21,17,Don't know,Region,South West,-,-,11.0,
21,17,Strongly support,Region,West Midlands,-,-,34.0,
21,17,Support,Region,West Midlands,-,-,35.0,
21,17,Neither support nor oppose,Region,West Midlands,-,-,16.0,
21,17,Oppose,Region,West Midlands,-,-,5.0,
21,17,Strongly oppose,Region,West Midlands,-,-,5.0,
21,17,Don't know,Region,West Midlands,-,-,5.0,
21,17,Strongly support,Region,East Midlands,-,-,22.0,
21,17,Support,Region,East Midlands,-,-,32.0,
21,17,Neither support nor oppose,Region,East Midlands,-,-,22.0,
21,17,Oppose,Region,East Midlands,-,-,9.0,
21,17,Strongly oppose,Region,East Midlands,-,-,10.0,
21,17,Don't know,Region,East Midlands,-,-,5.0,
21,17,Strongly support,Region,Eastern,-,-,26.0,
21,17,Support,Region,Eastern,-,-,26.0,
21,17,Neither support nor oppose,Region,Eastern,-,-,26.0,
21,17,Oppose,Region,Eastern,-,-,9.0,
21,17,Strongly oppose,Region,Eastern,-,-,6.0,
21,17,Don't know,Region,Eastern,-,-,7.0,
21,17,Strongly support,Region,North East,-,-,38.0,
21,17,Support,Region,North East,-,-,38.0,
21,17,Neither support nor oppose,Region,North East,-,-,8.0,
21,17,Oppose,Region,North East,-,-,3.0,
21,17,Strongly oppose,Region,North East,-,-,9.0,
21,17,Don't know,Region,North East,-,-,4.0,
21,17,Strongly support,Region,North West,-,-,29.0,
21,17,Support,Region,North West,-,-,27.0,
21,17,Neither support nor oppose,Region,North West,-,-,17.0,
21,17,Oppose,Region,North West,-,-,19.0,
21,17,Strongly oppose,Region,North West,-,-,3.0,
21,17,Don't know,Region,North West,-,-,5.0,
21,17,Strongly support,Region,Yorkshire,-,-,20.0,
21,17,Support,Region,Yorkshire,-,-,31.0,
21,17,Neither support nor oppose,Region,Yorkshire,-,-,13.0,
21,17,Oppose,Region,Yorkshire,-,-,17.0,
21,17,Strongly oppose,Region,Yorkshire,-,-,9.0,
21,17,Don't know,Region,Yorkshire,-,-,10.0,
21,17,Strongly support,Region,Scotland,-,-,30.0,
21,17,Support,Region,Scotland,-,-,33.0,
21,17,Neither support nor oppose,Region,Scotland,-,-,21.0,
21,17,Oppose,Region,Scotland,-,-,10.0,
21,17,Strongly oppose,Region,Scotland,-,-,5.0,
21,17,Don't know,Region,Scotland,-,-,1.0,
21,17,Strongly support,Region,Wales,-,-,43.0,
21,17,Support,Region,Wales,-,-,15.0,
21,17,Neither support nor oppose,Region,Wales,-,-,17.0,
21,17,Oppose,Region,Wales,-,-,11.0,
21,17,Strongly oppose,Region,Wales,-,-,8.0,
21,17,Don't know,Region,Wales,-,-,6.0,
21,18,Significantly more likely,-,-,-,-,14.0,
21,18,More likely,-,-,-,-,27.0,
21,18,Neither more likely nor less likely,-,-,-,-,35.0,
21,18,Less likely,-,-,-,-,11.0,
21,18,Significantly less likely,-,-,-,-,6.0,
21,18,Don't know,-,-,-,-,7.0,
22,17,Strongly support,-,-,-,-,26.0,
22,17,Support,-,-,-,-,33.0,
22,17,Neither support nor oppose,-,-,-,-,17.0,
22,17,Oppose,-,-,-,-,11.0,
22,17,Strongly oppose,-,-,-,-,6.0,
22,17,Don't know,-,-,-,-,7.0,
22,17,Strongly support,Gender,Male,-,-,23.0,
22,17,Support,Gender,Male,-,-,36.0,
22,17,Neither support nor oppose,Gender,Male,-,-,17.0,
22,17,Oppose,Gender,Male,-,-,10.0,
22,17,Strongly oppose,Gender,Male,-,-,7.0,
22,17,Don't know,Gender,Male,-,-,7.0,
22,17,Strongly support,Gender,Female,-,-,29.0,
22,17,Support,Gender,Female,-,-,31.0,
22,17,Neither support nor oppose,Gender,Female,-,-,18.0,
22,17,Oppose,Gender,Female,-,-,11.0,
22,17,Strongly oppose,Gender,Female,-,-,5.0,
22,17,Don't know,Gender,Female,-,-,6.0,
22,17,Strongly support,Age,18-24,-,-,33.0,
22,17,Support,Age,18-24,-,-,37.0,
22,17,Neither support nor oppose,Age,18-24,-,-,18.0,
22,17,Oppose,Age,18-24,-,-,6.0,
22,17,Strongly oppose,Age,18-24,-,-,2.0,
22,17,Don't know,Age,18-24,-,-,3.0,
22,17,Strongly support,Age,25-34,-,-,30.0,
22,17,Support,Age,25-34,-,-,39.0,
22,17,Neither support nor oppose,Age,25-34,-,-,16.0,
22,17,Oppose,Age,25-34,-,-,7.0,
22,17,Strongly oppose,Age,25-34,-,-,2.0,
22,17,Don't know,Age,25-34,-,-,5.0,
22,17,Strongly support,Age,35-44,-,-,31.0,
22,17,Support,Age,35-44,-,-,38.0,
22,17,Neither support nor oppose,Age,35-44,-,-,12.0,
22,17,Oppose,Age,35-44,-,-,11.0,
22,17,Strongly oppose,Age,35-44,-,-,1.0,
22,17,Don't know,Age,35-44,-,-,7.0,
22,17,Strongly support,Age,45-54,-,-,29.0,
22,17,Support,Age,45-54,-,-,26.0,
22,17,Neither support nor oppose,Age,45-54,-,-,17.0,
22,17,Oppose,Age,45-54,-,-,11.0,
22,17,Strongly oppose,Age,45-54,-,-,8.0,
22,17,Don't know,Age,45-54,-,-,10.0,
22,17,Strongly support,Age,55-64,-,-,21.0,
22,17,Support,Age,55-64,-,-,31.0,
22,17,Neither support nor oppose,Age,55-64,-,-,23.0,
22,17,Oppose,Age,55-64,-,-,11.0,
22,17,Strongly oppose,Age,55-64,-,-,9.0,
22,17,Don't know,Age,55-64,-,-,5.0,
22,17,Strongly support,Age,65+,-,-,19.0,
22,17,Support,Age,65+,-,-,32.0,
22,17,Neither support nor oppose,Age,65+,-,-,19.0,
22,17,Oppose,Age,65+,-,-,14.0,
22,17,Strongly oppose,Age,65+,-,-,9.0,
22,17,Don't know,Age,65+,-,-,8.0,
22,17,Strongly support,Vote in most recent GE,Conservative,-,-,19.0,
22,17,Support,Vote in most recent GE,Conservative,-,-,30.0,
22,17,Neither support nor oppose,Vote in most recent GE,Conservative,-,-,20.0,
22,17,Oppose,Vote in most recent GE,Conservative,-,-,16.0,
22,17,Strongly oppose,Vote in most recent GE,Conservative,-,-,9.0,
22,17,Don't know,Vote in most recent GE,Conservative,-,-,5.0,
22,17,Strongly support,Vote in most recent GE,Labour,-,-,33.0,
22,17,Support,Vote in most recent GE,Labour,-,-,39.0,
22,17,Neither support nor oppose,Vote in most recent GE,Labour,-,-,14.0,
22,17,Oppose,Vote in most recent GE,Labour,-,-,6.0,
22,17,Strongly oppose,Vote in most recent GE,Labour,-,-,2.0,
22,17,Don't know,Vote in most recent GE,Labour,-,-,6.0,
22,17,Strongly support,Vote in most recent GE,Scottish National Party,-,-,44.0,
22,17,Support,Vote in most recent GE,Scottish National Party,-,-,35.0,
22,17,Neither support nor oppose,Vote in most recent GE,Scottish National Party,-,-,14.0,
22,17,Oppose,Vote in most recent GE,Scottish National Party,-,-,6.0,
22,17,Strongly oppose,Vote in most recent GE,Scottish National Party,-,-,1.0,
22,17,Don't know,Vote in most recent GE,Scottish National Party,-,-,0.0,
22,17,Strongly support,Vote in most recent GE,Plaid Cymru,-,-,31.0,
22,17,Support,Vote in most recent GE,Plaid Cymru,-,-,56.0,
22,17,Neither support nor oppose,Vote in most recent GE,Plaid Cymru,-,-,0.0,
22,17,Oppose,Vote in most recent GE,Plaid Cymru,-,-,10.0,
22,17,Strongly oppose,Vote in most recent GE,Plaid Cymru,-,-,3.0,
22,17,Don't know,Vote in most recent GE,Plaid Cymru,-,-,0.0,
22,17,Strongly support,Vote in most recent GE,Liberal Democrat,-,-,29.0,
22,17,Support,Vote in most recent GE,Liberal Democrat,-,-,40.0,
22,17,Neither support nor oppose,Vote in most recent GE,Liberal Democrat,-,-,13.0,
22,17,Oppose,Vote in most recent GE,Liberal Democrat,-,-,7.0,
22,17,Strongly oppose,Vote in most recent GE,Liberal Democrat,-,-,7.0,
22,17,Don't know,Vote in most recent GE,Liberal Democrat,-,-,4.0,
22,17,Strongly support,Vote in most recent GE,Green,-,-,39.0,
22,17,Support,Vote in most recent GE,Green,-,-,37.0,
22,17,Neither support nor oppose,Vote in most recent GE,Green,-,-,14.0,
22,17,Oppose,Vote in most recent GE,Green,-,-,4.0,
22,17,Strongly oppose,Vote in most recent GE,Green,-,-,0.0,
22,17,Don't know,Vote in most recent GE,Green,-,-,6.0,
22,17,Strongly support,Vote in most recent GE,Brexit Party,-,-,38.0,
22,17,Support,Vote in most recent GE,Brexit Party,-,-,32.0,
22,17,Neither support nor oppose,Vote in most recent GE,Brexit Party,-,-,9.0,
22,17,Oppose,Vote in most recent GE,Brexit Party,-,-,3.0,
22,17,Strongly oppose,Vote in most recent GE,Brexit Party,-,-,10.0,
22,17,Don't know,Vote in most recent GE,Brexit Party,-,-,8.0,
22,17,Strongly support,Vote in most recent GE,Other,-,-,22.0,
22,17,Support,Vote in most recent GE,Other,-,-,33.0,
22,17,Neither support nor oppose,Vote in most recent GE,Other,-,-,6.0,
22,17,Oppose,Vote in most recent GE,Other,-,-,19.0,
22,17,Strongly oppose,Vote in most recent GE,Other,-,-,0.0,
22,17,Don't know,Vote in most recent GE,Other,-,-,21.0,
22,17,Strongly support,Vote in most recent GE,Didn't Vote,-,-,23.0,
22,17,Support,Vote in most recent GE,Didn't Vote,-,-,28.0,
22,17,Neither support nor oppose,Vote in most recent GE,Didn't Vote,-,-,22.0,
22,17,Oppose,Vote in most recent GE,Didn't Vote,-,-,10.0,
22,17,Strongly oppose,Vote in most recent GE,Didn't Vote,-,-,4.0,
22,17,Don't know,Vote in most recent GE,Didn't Vote,-,-,13.0,
22,17,Strongly support,Region,South East,-,-,26.0,
22,17,Support,Region,South East,-,-,33.0,
22,17,Neither support nor oppose,Region,South East,-,-,20.0,
22,17,Oppose,Region,South East,-,-,12.0,
22,17,Strongly oppose,Region,South East,-,-,4.0,
22,17,Don't know,Region,South East,-,-,5.0,
22,17,Strongly support,Region,London,-,-,32.0,
22,17,Support,Region,London,-,-,40.0,
22,17,Neither support nor oppose,Region,London,-,-,13.0,
22,17,Oppose,Region,London,-,-,7.0,
22,17,Strongly oppose,Region,London,-,-,2.0,
22,17,Don't know,Region,London,-,-,6.0,
22,17,Strongly support,Region,South West,-,-,19.0,
22,17,Support,Region,South West,-,-,34.0,
22,17,Neither support nor oppose,Region,South West,-,-,15.0,
22,17,Oppose,Region,South West,-,-,13.0,
22,17,Strongly oppose,Region,South West,-,-,9.0,
22,17,Don't know,Region,South West,-,-,9.0,
22,17,Strongly support,Region,West Midlands,-,-,31.0,
22,17,Support,Region,West Midlands,-,-,26.0,
22,17,Neither support nor oppose,Region,West Midlands,-,-,21.0,
22,17,Oppose,Region,West Midlands,-,-,10.0,
22,17,Strongly oppose,Region,West Midlands,-,-,7.0,
22,17,Don't know,Region,West Midlands,-,-,5.0,
22,17,Strongly support,Region,East Midlands,-,-,23.0,
22,17,Support,Region,East Midlands,-,-,33.0,
22,17,Neither support nor oppose,Region,East Midlands,-,-,22.0,
22,17,Oppose,Region,East Midlands,-,-,11.0,
22,17,Strongly oppose,Region,East Midlands,-,-,6.0,
22,17,Don't know,Region,East Midlands,-,-,6.0,
22,17,Strongly support,Region,Eastern,-,-,15.0,
22,17,Support,Region,Eastern,-,-,37.0,
22,17,Neither support nor oppose,Region,Eastern,-,-,20.0,
22,17,Oppose,Region,Eastern,-,-,18.0,
22,17,Strongly oppose,Region,Eastern,-,-,3.0,
22,17,Don't know,Region,Eastern,-,-,7.0,
22,17,Strongly support,Region,North East,-,-,27.0,
22,17,Support,Region,North East,-,-,25.0,
22,17,Neither support nor oppose,Region,North East,-,-,19.0,
22,17,Oppose,Region,North East,-,-,9.0,
22,17,Strongly oppose,Region,North East,-,-,6.0,
22,17,Don't know,Region,North East,-,-,14.0,
22,17,Strongly support,Region,North West,-,-,23.0,
22,17,Support,Region,North West,-,-,40.0,
22,17,Neither support nor oppose,Region,North West,-,-,14.0,
22,17,Oppose,Region,North West,-,-,6.0,
22,17,Strongly oppose,Region,North West,-,-,7.0,
22,17,Don't know,Region,North West,-,-,9.0,
22,17,Strongly support,Region,Yorkshire,-,-,26.0,
22,17,Support,Region,Yorkshire,-,-,26.0,
22,17,Neither support nor oppose,Region,Yorkshire,-,-,22.0,
22,17,Oppose,Region,Yorkshire,-,-,13.0,
22,17,Strongly oppose,Region,Yorkshire,-,-,8.0,
22,17,Don't know,Region,Yorkshire,-,-,5.0,
22,17,Strongly support,Region,Scotland,-,-,39.0,
22,17,Support,Region,Scotland,-,-,34.0,
22,17,Neither support nor oppose,Region,Scotland,-,-,11.0,
22,17,Oppose,Region,Scotland,-,-,8.0,
22,17,Strongly oppose,Region,Scotland,-,-,5.0,
22,17,Don't know,Region,Scotland,-,-,3.0,
22,17,Strongly support,Region,Wales,-,-,23.0,
22,17,Support,Region,Wales,-,-,25.0,
22,17,Neither support nor oppose,Region,Wales,-,-,18.0,
22,17,Oppose,Region,Wales,-,-,9.0,
22,17,Strongly oppose,Region,Wales,-,-,12.0,
22,17,Don't know,Region,Wales,-,-,13.0,
22,18,Significantly more likely,-,-,-,-,13.0,
22,18,More likely,-,-,-,-,26.0,
22,18,Neither more likely nor less likely,-,-,-,-,34.0,
22,18,Less likely,-,-,-,-,11.0,
22,18,Significantly less likely,-,-,-,-,6.0,
22,18,Don't know,-,-,-,-,10.0,
22,18,Significantly more likely,Gender,Male,-,-,12.0,
22,18,More likely,Gender,Male,-,-,27.0,
22,18,Neither more likely nor less likely,Gender,Male,-,-,34.0,
22,18,Less likely,Gender,Male,-,-,11.0,
22,18,Significantly less likely,Gender,Male,-,-,7.0,
22,18,Don't know,Gender,Male,-,-,9.0,
22,18,Significantly more likely,Gender,Female,-,-,14.0,
22,18,More likely,Gender,Female,-,-,26.0,
22,18,Neither more likely nor less likely,Gender,Female,-,-,33.0,
22,18,Less likely,Gender,Female,-,-,10.0,
22,18,Significantly less likely,Gender,Female,-,-,5.0,
22,18,Don't know,Gender,Female,-,-,12.0,
22,18,Significantly more likely,Age,18-24,-,-,12.0,
22,18,More likely,Age,18-24,-,-,35.0,
22,18,Neither more likely nor less likely,Age,18-24,-,-,29.0,
22,18,Less likely,Age,18-24,-,-,13.0,
22,18,Significantly less likely,Age,18-24,-,-,3.0,
22,18,Don't know,Age,18-24,-,-,8.0,
22,18,Significantly more likely,Age,25-34,-,-,14.0,
22,18,More likely,Age,25-34,-,-,33.0,
22,18,Neither more likely nor less likely,Age,25-34,-,-,31.0,
22,18,Less likely,Age,25-34,-,-,11.0,
22,18,Significantly less likely,Age,25-34,-,-,3.0,
22,18,Don't know,Age,25-34,-,-,9.0,
22,18,Significantly more likely,Age,35-44,-,-,19.0,
22,18,More likely,Age,35-44,-,-,28.0,
22,18,Neither more likely nor less likely,Age,35-44,-,-,29.0,
22,18,Less likely,Age,35-44,-,-,9.0,
22,18,Significantly less likely,Age,35-44,-,-,3.0,
22,18,Don't know,Age,35-44,-,-,12.0,
22,18,Significantly more likely,Age,45-54,-,-,14.0,
22,18,More likely,Age,45-54,-,-,25.0,
22,18,Neither more likely nor less likely,Age,45-54,-,-,32.0,
22,18,Less likely,Age,45-54,-,-,12.0,
22,18,Significantly less likely,Age,45-54,-,-,7.0,
22,18,Don't know,Age,45-54,-,-,11.0,
22,18,Significantly more likely,Age,55-64,-,-,13.0,
22,18,More likely,Age,55-64,-,-,19.0,
22,18,Neither more likely nor less likely,Age,55-64,-,-,38.0,
22,18,Less likely,Age,55-64,-,-,11.0,
22,18,Significantly less likely,Age,55-64,-,-,7.0,
22,18,Don't know,Age,55-64,-,-,12.0,
22,18,Significantly more likely,Age,65+,-,-,8.0,
22,18,More likely,Age,65+,-,-,22.0,
22,18,Neither more likely nor less likely,Age,65+,-,-,40.0,
22,18,Less likely,Age,65+,-,-,10.0,
22,18,Significantly less likely,Age,65+,-,-,10.0,
22,18,Don't know,Age,65+,-,-,11.0,
22,18,Significantly more likely,Vote in Dec 2019 GE,Conservative,-,-,9.0,
22,18,More likely,Vote in Dec 2019 GE,Conservative,-,-,21.0,
22,18,Neither more likely nor less likely,Vote in Dec 2019 GE,Conservative,-,-,39.0,
22,18,Less likely,Vote in Dec 2019 GE,Conservative,-,-,13.0,
22,18,Significantly less likely,Vote in Dec 2019 GE,Conservative,-,-,10.0,
22,18,Don't know,Vote in Dec 2019 GE,Conservative,-,-,8.0,
22,18,Significantly more likely,Vote in Dec 2019 GE,Labour,-,-,16.0,
22,18,More likely,Vote in Dec 2019 GE,Labour,-,-,33.0,
22,18,Neither more likely nor less likely,Vote in Dec 2019 GE,Labour,-,-,32.0,
22,18,Less likely,Vote in Dec 2019 GE,Labour,-,-,8.0,
22,18,Significantly less likely,Vote in Dec 2019 GE,Labour,-,-,2.0,
22,18,Don't know,Vote in Dec 2019 GE,Labour,-,-,8.0,
22,18,Significantly more likely,Vote in Dec 2019 GE,Scottish National Party,-,-,21.0,
22,18,More likely,Vote in Dec 2019 GE,Scottish National Party,-,-,31.0,
22,18,Neither more likely nor less likely,Vote in Dec 2019 GE,Scottish National Party,-,-,36.0,
22,18,Less likely,Vote in Dec 2019 GE,Scottish National Party,-,-,9.0,
22,18,Significantly less likely,Vote in Dec 2019 GE,Scottish National Party,-,-,2.0,
22,18,Don't know,Vote in Dec 2019 GE,Scottish National Party,-,-,1.0,
22,18,Significantly more likely,Vote in Dec 2019 GE,Plaid Cymru,-,-,8.0,
22,18,More likely,Vote in Dec 2019 GE,Plaid Cymru,-,-,27.0,
22,18,Neither more likely nor less likely,Vote in Dec 2019 GE,Plaid Cymru,-,-,45.0,
22,18,Less likely,Vote in Dec 2019 GE,Plaid Cymru,-,-,9.0,
22,18,Significantly less likely,Vote in Dec 2019 GE,Plaid Cymru,-,-,8.0,
22,18,Don't know,Vote in Dec 2019 GE,Plaid Cymru,-,-,3.0,
22,18,Significantly more likely,Vote in Dec 2019 GE,Liberal Democrat,-,-,24.0,
22,18,More likely,Vote in Dec 2019 GE,Liberal Democrat,-,-,28.0,
22,18,Neither more likely nor less likely,Vote in Dec 2019 GE,Liberal Democrat,-,-,25.0,
22,18,Less likely,Vote in Dec 2019 GE,Liberal Democrat,-,-,8.0,
22,18,Significantly less likely,Vote in Dec 2019 GE,Liberal Democrat,-,-,7.0,
22,18,Don't know,Vote in Dec 2019 GE,Liberal Democrat,-,-,9.0,
22,18,Significantly more likely,Vote in Dec 2019 GE,Green,-,-,14.0,
22,18,More likely,Vote in Dec 2019 GE,Green,-,-,34.0,
22,18,Neither more likely nor less likely,Vote in Dec 2019 GE,Green,-,-,32.0,
22,18,Less likely,Vote in Dec 2019 GE,Green,-,-,3.0,
22,18,Significantly less likely,Vote in Dec 2019 GE,Green,-,-,8.0,
22,18,Don't know,Vote in Dec 2019 GE,Green,-,-,8.0,
22,18,Significantly more likely,Vote in Dec 2019 GE,Brexity Party,-,-,29.0,
22,18,More likely,Vote in Dec 2019 GE,Brexity Party,-,-,22.0,
22,18,Neither more likely nor less likely,Vote in Dec 2019 GE,Brexity Party,-,-,30.0,
22,18,Less likely,Vote in Dec 2019 GE,Brexity Party,-,-,13.0,
22,18,Significantly less likely,Vote in Dec 2019 GE,Brexity Party,-,-,4.0,
22,18,Don't know,Vote in Dec 2019 GE,Brexity Party,-,-,3.0,
22,18,Significantly more likely,Vote in Dec 2019 GE,Other,-,-,0.0,
22,18,More likely,Vote in Dec 2019 GE,Other,-,-,8.0,
22,18,Neither more likely nor less likely,Vote in Dec 2019 GE,Other,-,-,32.0,
22,18,Less likely,Vote in Dec 2019 GE,Other,-,-,15.0,
22,18,Significantly less likely,Vote in Dec 2019 GE,Other,-,-,3.0,
22,18,Don't know,Vote in Dec 2019 GE,Other,-,-,42.0,
22,18,Significantly more likely,Vote in Dec 2019 GE,Didn't Vote,-,-,9.0,
22,18,More likely,Vote in Dec 2019 GE,Didn't Vote,-,-,25.0,
22,18,Neither more likely nor less likely,Vote in Dec 2019 GE,Didn't Vote,-,-,30.0,
22,18,Less likely,Vote in Dec 2019 GE,Didn't Vote,-,-,13.0,
22,18,Significantly less likely,Vote in Dec 2019 GE,Didn't Vote,-,-,3.0,
22,18,Don't know,Vote in Dec 2019 GE,Didn't Vote,-,-,20.0,
23,22,Very,Country,USA,-,-,31.0,
23,22,Somewhat,Country,USA,-,-,21.0,
23,22,Not too/not at all,Country,USA,-,-,45.0,
23,23,Very,Country,USA,Income Level,Lower,51.0,
23,23,Very,Country,USA,Income Level,Middle,22.0,
23,23,Very,Country,USA,Income Level,Higher,16.0,
24,19,Yes,-,-,-,-,43.0,
24,19,No,-,-,-,-,57.0,
24,19,Yes,Gender,Female,-,-,46.0,
24,19,No,Gender,Female,-,-,54.0,
24,19,Yes,Gender,Male,-,-,40.0,
24,19,No,Gender,Male,-,-,60.0,
24,19,Yes,Age,18-29,-,-,59.0,
24,19,No,Age,18-29,-,-,41.0,
24,19,Yes,Age,30-49,-,-,51.0,
24,19,No,Age,30-49,-,-,49.0,
24,19,Yes,Age,50-64,-,-,34.0,
24,19,No,Age,50-64,-,-,66.0,
24,19,Yes,Age,65+,-,-,32.0,
24,19,No,Age,65+,-,-,68.0,
24,19,Yes,Education,Upper secondary education or less,-,-,38.0,
24,19,No,Education,Upper secondary education or less,-,-,62.0,
24,19,Yes,Education,"Higher technical education, vocational training, community college education or associate degree",-,-,42.0,
24,19,No,Education,"Higher technical education, vocational training, community college education or associate degree",-,-,58.0,
24,19,Yes,Education,Bachelor's degree,-,-,54.0,
24,19,No,Education,Bachelor's degree,-,-,46.0,
24,19,Yes,Education,Master's or doctoral degree,-,-,51.0,
24,19,No,Education,Master's or doctoral degree,-,-,49.0,
24,21,Yes,-,-,-,-,75.0,
24,21,No,-,-,-,-,25.0,
24,21,Yes,Gender,Female,-,-,73.0,
24,21,No,Gender,Female,-,-,27.0,
24,21,Yes,Gender,Male,-,-,77.0,
24,21,No,Gender,Male,-,-,23.0,
24,21,Yes,Age,18-29,-,-,86.0,
24,21,No,Age,18-29,-,-,14.0,
24,21,Yes,Age,30-49,-,-,80.0,
24,21,No,Age,30-49,-,-,20.0,
24,21,Yes,Age,50-64,-,-,61.0,
24,21,No,Age,50-64,-,-,39.0,
24,21,Yes,Age,65+,-,-,64.0,
24,21,No,Age,65+,-,-,36.0,
24,21,Yes,Education,Upper secondary education or less,-,-,67.0,
24,21,No,Education,Upper secondary education or less,-,-,33.0,
24,21,Yes,Education,"Higher technical education, vocational training, community college education or associate degree",-,-,67.0,
24,21,No,Education,"Higher technical education, vocational training, community college education or associate degree",-,-,33.0,
24,21,Yes,Education,Bachelor's degree,-,-,82.0,
24,21,No,Education,Bachelor's degree,-,-,18.0,
24,21,Yes,Education,Master's or doctoral degree,-,-,88.0,
24,21,No,Education,Master's or doctoral degree,-,-,12.0,
25,20,Yes,-,-,-,-,75.0,
25,20,No,-,-,-,-,25.0,
25,20,Yes,Gender,Female,-,-,77.0,
25,20,No,Gender,Female,-,-,23.0,
25,20,Yes,Gender,Male,-,-,72.0,
25,20,No,Gender,Male,-,-,28.0,
25,20,Yes,Age,18-29,-,-,81.0,
25,20,No,Age,18-29,-,-,19.0,
25,20,Yes,Age,30-49,-,-,78.0,
25,20,No,Age,30-49,-,-,22.0,
25,20,Yes,Age,50-64,-,-,72.0,
25,20,No,Age,50-64,-,-,28.0,
25,20,Yes,Age,65+,-,-,66.0,
25,20,No,Age,65+,-,-,34.0,
25,20,Yes,Education,Upper secondary education or less,-,-,78.0,
25,20,No,Education,Upper secondary education or less,-,-,22.0,
25,20,Yes,Education,"Higher technical education, vocational training, community college education or associate degree",-,-,75.0,
25,20,No,Education,"Higher technical education, vocational training, community college education or associate degree",-,-,25.0,
25,20,Yes,Education,Bachelor's degree,-,-,73.0,
25,20,No,Education,Bachelor's degree,-,-,27.0,
25,20,Yes,Education,Master's or doctoral degree,-,-,71.0,
25,20,No,Education,Master's or doctoral degree,-,-,29.0,
25,21,Yes,-,-,-,-,49.0,
25,21,No,-,-,-,-,51.0,
25,21,Yes,Gender,Female,-,-,46.0,
25,21,No,Gender,Female,-,-,54.0,
25,21,Yes,Gender,Male,-,-,53.0,
25,21,No,Gender,Male,-,-,47.0,
25,21,Yes,Age,18-29,-,-,59.0,
25,21,No,Age,18-29,-,-,41.0,
25,21,Yes,Age,30-49,-,-,48.0,
25,21,No,Age,30-49,-,-,52.0,
25,21,Yes,Age,50-64,-,-,43.0,
25,21,No,Age,50-64,-,-,57.0,
25,21,Yes,Age,65+,-,-,49.0,
25,21,No,Age,65+,-,-,51.0,
25,21,Yes,Education,Upper secondary education or less,-,-,44.0,
25,21,No,Education,Upper secondary education or less,-,-,56.0,
25,21,Yes,Education,"Higher technical education, vocational training, community college education or associate degree",-,-,47.0,
25,21,No,Education,"Higher technical education, vocational training, community college education or associate degree",-,-,53.0,
25,21,Yes,Education,Bachelor's degree,-,-,54.0,
25,21,No,Education,Bachelor's degree,-,-,46.0,
25,21,Yes,Education,Master's or doctoral degree,-,-,59.0,
25,21,No,Education,Master's or doctoral degree,-,-,41.0,
28,22,Very,Country,UK,-,-,50.0,
28,22,Somewhat,Country,UK,-,-,29.0,
28,22,Not too/not at all,Country,UK,-,-,18.0,
26,22,Very,Country,France,-,-,38.0,
26,22,Somewhat,Country,France,-,-,30.0,
26,22,Not too/not at all,Country,France,-,-,30.0,
27,22,Very,Country,Germany,-,-,37.0,
27,22,Somewhat,Country,Germany,-,-,29.0,
27,22,Not too/not at all,Country,Germany,-,-,31.0,
28,23,Very,Country,UK,Income Level,Lower,56.0,
28,23,Very,Country,UK,Income Level,Middle,52.0,
28,23,Very,Country,UK,Income Level,Higher,37.0,
26,23,Very,Country,France,Income Level,Lower,48.0,
26,23,Very,Country,France,Income Level,Middle,33.0,
26,23,Very,Country,France,Income Level,Higher,29.0,
27,23,Very,Country,Germany,Income Level,Lower,48.0,
27,23,Very,Country,Germany,Income Level,Middle,27.0,
27,23,Very,Country,Germany,Income Level,Higher,23.0,
